"yellow",*
"orange",*
"Dorada",*
5.773903,-74.674866
5.771918,-74.672978
5.770893,-74.671991
5.769954,-74.670553
5.769634,-74.669909
5.769452,-74.668922
5.769666,-74.667807
5.769778,-74.667447
5.770242,-74.666557
5.770637,-74.665908
5.771192,-74.665017
5.771470,-74.664701
5.771950,-74.664116
5.772606,-74.663306
5.773188,-74.662566
5.773514,-74.661981
5.773909,-74.661294
5.773994,-74.661155
5.774336,-74.660189
5.774677,-74.659079
5.774939,-74.658220
5.775254,-74.657577
5.775259,-74.657550
5.775200,-74.657555
5.774992,-74.657561
5.774864,-74.657577
5.774405,-74.657598
5.773909,-74.657646
5.773412,-74.657689
5.773065,-74.657732
5.770872,-74.657711
5.768865,-74.657582
5.768006,-74.657507
5.766965,-74.657480
5.765791,-74.657453
5.765193,-74.657443
5.764083,-74.657475
5.763394,-74.657496
5.762097,-74.657679
5.761121,-74.657829
5.760293,-74.658049
5.758762,-74.658462
5.757390,-74.658778
5.756685,-74.658939
5.756050,-74.659009
5.754791,-74.659175
5.753040,-74.659256
5.751380,-74.659331
5.750633,-74.659481
5.749725,-74.659663
5.749010,-74.659814
5.747110,-74.660323
5.745722,-74.660747
5.744073,-74.661289
5.742893,-74.661707
5.742664,-74.661793
5.742349,-74.661836
5.740796,-74.662099
5.739232,-74.662356
5.738250,-74.662415
5.736649,-74.662507
5.735949,-74.662555
5.733894,-74.662308
5.732934,-74.662185
5.732421,-74.662061
5.730836,-74.661654
5.730142,-74.661503
5.730003,-74.661439
5.728439,-74.660747
5.727927,-74.660506
5.726555,-74.659508
5.725984,-74.659089
5.724468,-74.657394
5.724324,-74.657239
5.724233,-74.657126
5.723865,-74.656504
5.723518,-74.655930
5.723198,-74.654739
5.722968,-74.653763
5.722664,-74.652185
5.722552,-74.651638
5.722002,-74.650270
5.721538,-74.649117
5.721036,-74.648189
5.720358,-74.646955
5.720182,-74.646623
5.718981,-74.645121
5.718613,-74.644638
5.716579,-74.643087
5.715746,-74.642508
5.715047,-74.642036
5.714134,-74.641446
5.713750,-74.641204
5.713339,-74.640985
5.713035,-74.640813
5.712602,-74.640566
5.711428,-74.639922
5.710232,-74.639300
5.709432,-74.638871
5.707878,-74.637921
5.707734,-74.637820
5.707649,-74.637771
5.706597,-74.636484
5.706416,-74.636280
5.706277,-74.636033
5.705701,-74.634933
5.705065,-74.633673
5.704532,-74.632616
5.704083,-74.631774
5.703485,-74.630588
5.703234,-74.630068
5.703026,-74.629821
5.702012,-74.628453
5.701542,-74.627842
5.700912,-74.627042
5.700539,-74.626527
5.699941,-74.625803
5.699140,-74.624827
5.698969,-74.624607
5.698895,-74.624564
5.697902,-74.623920
5.697454,-74.623652
5.697096,-74.623534
5.696621,-74.623373
5.696482,-74.623357
5.694737,-74.623523
5.694171,-74.623577
5.693055,-74.623550
5.691571,-74.623507
5.690317,-74.623448
5.690173,-74.623432
5.689665,-74.623491
5.688443,-74.623598
5.687311,-74.623706
5.687162,-74.623727
5.686527,-74.623915
5.685614,-74.624189
5.684408,-74.624543
5.684274,-74.624586
5.684237,-74.624607
5.681151,-74.626195
5.679731,-74.626957
5.676945,-74.628512
5.675226,-74.629424
5.674126,-74.630009
5.673635,-74.630250
5.671681,-74.631060
5.671420,-74.631168
5.671238,-74.631227
5.670043,-74.631570
5.669034,-74.631833
5.667870,-74.632214
5.667299,-74.632380
5.666642,-74.632600
5.666060,-74.632868
5.665441,-74.633147
5.664331,-74.633673
5.663717,-74.634005
5.662655,-74.634590
5.662452,-74.634714
5.662163,-74.634880
5.661400,-74.635159
5.660637,-74.635438
5.660023,-74.635642
5.659596,-74.635738
5.659073,-74.635851
5.658459,-74.635899
5.657893,-74.635958
5.657220,-74.635915
5.656558,-74.635835
5.656350,-74.635819
5.655704,-74.635572
5.654706,-74.635137
5.653419,-74.634638
5.652293,-74.634182
5.651615,-74.633887
5.650745,-74.633582
5.650067,-74.633319
5.649389,-74.633163
5.648914,-74.633056
5.648642,-74.633034
5.648129,-74.632965
5.647451,-74.632922
5.646634,-74.632895
5.646026,-74.632874
5.645513,-74.632857
5.644798,-74.632847
5.643960,-74.632836
5.643415,-74.632815
5.642604,-74.632761
5.641947,-74.632713
5.641600,-74.632680
5.641371,-74.632654
5.640511,-74.632536
5.639977,-74.632471
5.639289,-74.632380
5.639187,-74.632375
5.639102,-74.632337
5.638974,-74.632294
5.638050,-74.631988
5.637570,-74.631827
5.637410,-74.631774
5.636886,-74.631490
5.636086,-74.631071
5.635573,-74.630814
5.635231,-74.630669
5.634196,-74.630304
5.633838,-74.630154
5.633197,-74.629971
5.632450,-74.629762
5.632146,-74.629725
5.631660,-74.629682
5.631281,-74.629650
5.631078,-74.629666
5.630704,-74.629741
5.630133,-74.629837
5.630085,-74.629843
5.629551,-74.630111
5.628852,-74.630470
5.627960,-74.631334
5.627693,-74.631608
5.626839,-74.632772
5.626380,-74.633367
5.626295,-74.633507
5.626193,-74.633592
5.626103,-74.633726
5.625841,-74.634011
5.625163,-74.634794
5.624730,-74.635288
5.624533,-74.635507
5.624063,-74.635953
5.623540,-74.636419
5.623444,-74.636537
5.623156,-74.636806
5.623033,-74.636902
5.622408,-74.637278
5.621746,-74.637685
5.621410,-74.637830
5.620775,-74.638104
5.620305,-74.638318
5.619504,-74.638538
5.618618,-74.638796
5.617849,-74.639053
5.617337,-74.639230
5.616632,-74.639611
5.615404,-74.640276
5.614432,-74.640850
5.613423,-74.641553
5.612227,-74.642411
5.611715,-74.642782
5.610743,-74.643790
5.610396,-74.644133
5.609659,-74.644589
5.609158,-74.644745
5.608811,-74.644852
5.608586,-74.644901
5.607775,-74.644986
5.607396,-74.645024
5.606034,-74.644965
5.605885,-74.644949
5.605159,-74.644783
5.604209,-74.644579
5.603194,-74.644150
5.602409,-74.643795
5.601165,-74.643152
5.600226,-74.642674
5.598768,-74.642299
5.597578,-74.642165
5.597231,-74.642133
5.596243,-74.642186
5.595037,-74.642251
5.594898,-74.642240
5.594268,-74.642395
5.593237,-74.642642
5.593045,-74.642680
5.591459,-74.643356
5.590952,-74.643608
5.590392,-74.643908
5.589324,-74.644504
5.589094,-74.644638
5.589004,-74.644691
5.588059,-74.645399
5.587722,-74.645668
5.587621,-74.645743
5.586884,-74.646526
5.585966,-74.647486
5.585555,-74.647894
5.585448,-74.648007
5.585357,-74.648082
5.585234,-74.648178
5.584327,-74.648790
5.584134,-74.648902
5.583990,-74.648940
5.583686,-74.649053
5.582602,-74.649412
5.582383,-74.649476
5.581919,-74.649552
5.581214,-74.649653
5.581075,-74.649680
5.580034,-74.650109
5.579041,-74.650624
5.578625,-74.650839
5.577642,-74.651558
5.577381,-74.651746
5.576697,-74.652019
5.576217,-74.652228
5.575950,-74.652336
5.575795,-74.652384
5.574823,-74.652523
5.574530,-74.652566
5.574049,-74.652491
5.573302,-74.652373
5.573115,-74.652341
5.572858,-74.652239
5.572170,-74.651971
5.571556,-74.651735
5.570878,-74.651520
5.570125,-74.651284
5.569756,-74.651172
5.569623,-74.651145
5.568886,-74.651118
5.568587,-74.651096
5.568454,-74.651080
5.567493,-74.651273
5.567146,-74.651349
5.567034,-74.651349
5.565485,-74.651172
5.564497,-74.651000
5.564220,-74.650930
5.564230,-74.650919
5.562805,-74.650394
5.561961,-74.649916
5.560637,-74.648935
5.559799,-74.648237
5.559334,-74.647856
5.559110,-74.647674
5.558870,-74.647492
5.558502,-74.647239
5.558352,-74.647116
5.558197,-74.647030
5.557775,-74.646864
5.556948,-74.646547
5.556820,-74.646499
5.556200,-74.646344
5.555795,-74.646236
5.555378,-74.646118
5.554978,-74.645995
5.554636,-74.645877
5.554252,-74.645754
5.554027,-74.645662
5.553488,-74.645314
5.553349,-74.645206
5.553216,-74.645126
5.553109,-74.645013
5.552927,-74.644809
5.552340,-74.644117
5.552159,-74.643897
5.551934,-74.643742
5.551459,-74.643372
5.551080,-74.643130
5.550450,-74.642755
5.550204,-74.642599
5.549889,-74.642379
5.549403,-74.641972
5.548736,-74.641376
5.548672,-74.641317
5.548496,-74.641263
5.547684,-74.641001
5.547262,-74.640861
5.546915,-74.640781
5.545880,-74.640448
5.545314,-74.640266
5.544336,-74.640175
5.543541,-74.640089
5.542831,-74.640035
5.541688,-74.640051
5.540759,-74.640078
5.540049,-74.640217
5.539355,-74.640368
5.539264,-74.640389
5.539077,-74.640480
5.538057,-74.641033
5.537961,-74.641086
5.536872,-74.642052
5.536044,-74.642760
5.535163,-74.643474
5.534437,-74.644080
5.533829,-74.644525
5.533412,-74.644825
5.532814,-74.645271
5.532643,-74.645394
5.531645,-74.645888
5.531020,-74.646183
5.530257,-74.646569
5.529226,-74.647105
5.528858,-74.647277
5.527678,-74.648409
5.527026,-74.649047
5.526097,-74.650185
5.525248,-74.651257
5.524896,-74.651767
5.524607,-74.652153
5.524319,-74.652539
5.523956,-74.653307
5.523438,-74.654401
5.523107,-74.655173
5.522941,-74.655629
5.522664,-74.656375
5.522285,-74.657362
5.521852,-74.658768
5.521404,-74.660216
5.521163,-74.660924
5.521131,-74.661064
5.520464,-74.662582
5.520128,-74.663392
5.519941,-74.663815
5.519802,-74.664170
5.519519,-74.664824
5.519263,-74.665478
5.519006,-74.666203
5.518739,-74.666938
5.518478,-74.667807
5.518259,-74.668499
5.518173,-74.668831
5.517858,-74.669432
5.517634,-74.669840
5.517319,-74.670258
5.516924,-74.670811
5.516806,-74.670918
5.516390,-74.671315
5.515215,-74.672313
5.514158,-74.673557
5.512620,-74.674244
5.511424,-74.674244
5.509374,-74.673729
5.502539,-74.670639
5.501001,-74.669781
5.498609,-74.668751
5.496217,-74.667892
5.493483,-74.667721
5.492286,-74.667377
5.490407,-74.667892
5.489382,-74.668064
5.487673,-74.667377
5.485793,-74.666519
5.485596,-74.666417
5.485441,-74.666358
5.485281,-74.666315
5.485142,-74.666278
5.484319,-74.666052
5.483097,-74.665763
5.482194,-74.665580
5.481281,-74.665377
5.480475,-74.665205
5.479626,-74.665039
5.478649,-74.664856
5.478077,-74.664738
5.476956,-74.664609
5.475920,-74.664486
5.474932,-74.664357
5.474670,-74.664347
5.474088,-74.664293
5.473175,-74.664229
5.472123,-74.664159
5.470927,-74.664094
5.469763,-74.664030
5.468722,-74.663971
5.467563,-74.663891
5.466190,-74.663783
5.465875,-74.663778
5.465122,-74.663649
5.463670,-74.663365
5.462372,-74.663123
5.461149,-74.662834
5.459921,-74.662544
5.458789,-74.662233
5.458228,-74.662094
5.457630,-74.661857
5.456648,-74.661471
5.455927,-74.661182
5.455649,-74.661101
5.455200,-74.660994
5.454346,-74.660742
5.453177,-74.660420
5.452344,-74.660178
5.451810,-74.660001
5.451660,-74.659969
5.451468,-74.659873
5.450848,-74.659508
5.449951,-74.658982
5.449780,-74.658891
5.448755,-74.657663
5.448370,-74.657137
5.447804,-74.656268
5.447639,-74.655973
5.447238,-74.655088
5.446897,-74.654320
5.446763,-74.654052
5.446608,-74.653805
5.445973,-74.652776
5.444905,-74.651965
5.444809,-74.651901
5.444226,-74.651778
5.443890,-74.651724
5.443409,-74.651590
5.442993,-74.651461
5.442982,-74.651461
5.442918,-74.651569
5.442694,-74.652121
5.442486,-74.652362
5.441877,-74.653017
5.441257,-74.654122
5.441129,-74.654358
5.441044,-74.654503
5.441001,-74.654578
5.440990,-74.654610
5.440825,-74.656262
5.440803,-74.656568
5.440793,-74.656675
5.440851,-74.657754
5.440883,-74.658355
5.440926,-74.659132
5.440932,-74.659728
5.440948,-74.660511
5.440964,-74.661235
5.440990,-74.661911
5.441017,-74.662984
5.441054,-74.664132
5.441092,-74.664958
5.441145,-74.666122
5.441183,-74.667023
5.441236,-74.668171
5.441332,-74.669341
5.441396,-74.670049
5.441407,-74.670505
5.441434,-74.671792
5.441444,-74.671921
5.440691,-74.673858
5.440205,-74.674399
5.439677,-74.674968
5.438673,-74.675671
5.438347,-74.675907
5.437135,-74.676454
5.436227,-74.676438
5.435639,-74.676427
5.435233,-74.676293
5.434128,-74.675918
5.433263,-74.675628
5.433124,-74.675569
5.432542,-74.675301
5.431671,-74.674909
5.430865,-74.674555
5.430117,-74.674255
5.429231,-74.673911
5.428136,-74.673530
5.427650,-74.673359
5.426817,-74.672930
5.426096,-74.672554
5.425274,-74.671964
5.424008,-74.670977
5.422983,-74.670124
5.421899,-74.669276
5.420996,-74.668563
5.420804,-74.668434
5.420350,-74.668187
5.419106,-74.667501
5.418187,-74.667018
5.416980,-74.666498
5.416569,-74.666321
5.415495,-74.666058
5.414705,-74.665875
5.412921,-74.665774
5.412222,-74.665784
5.410774,-74.665806
5.408857,-74.665977
5.408761,-74.665977
5.408574,-74.666020
5.407490,-74.666278
5.406481,-74.666530
5.406336,-74.666551
5.405039,-74.667238
5.404521,-74.668220
5.404440,-74.668429
5.404339,-74.668837
5.404115,-74.669566
5.403757,-74.670966
5.403490,-74.671996
5.403340,-74.672559
5.403095,-74.674099
5.402977,-74.675252
5.402822,-74.676792
5.402662,-74.678138
5.402582,-74.679008
5.402443,-74.680295
5.402331,-74.681287
5.402053,-74.682081
5.401418,-74.682961
5.400526,-74.683701
5.399378,-74.684259
5.399308,-74.684291
5.397941,-74.684511
5.396066,-74.684522
5.396008,-74.684528
5.395885,-74.684506
5.393615,-74.684055
5.391906,-74.683696
5.390064,-74.683304
5.389033,-74.683095
5.388306,-74.682956
5.387666,-74.682736
5.387035,-74.682521
5.386838,-74.682414
5.385182,-74.681545
5.384723,-74.681287
5.382613,-74.679866
5.380845,-74.678670
5.379152,-74.677961
5.378405,-74.677854
5.377566,-74.677725
5.376258,-74.678015
5.374639,-74.678519
5.374185,-74.678653
5.372941,-74.679329
5.371616,-74.680322
5.370949,-74.680853
5.370361,-74.681400
5.370078,-74.681695
5.368973,-74.682806
5.367413,-74.684522
5.366858,-74.685139
5.366655,-74.685397
5.366233,-74.686019
5.365202,-74.687505
5.364353,-74.689130
5.363942,-74.689935
5.363445,-74.691710
5.363429,-74.691786
5.363397,-74.693465
5.363723,-74.695396
5.364572,-74.696930
5.365645,-74.697992
5.366382,-74.698673
5.368188,-74.700261
5.369031,-74.701007
5.369315,-74.701238
5.369747,-74.701549
5.371237,-74.702659
5.371355,-74.702756
5.372370,-74.704059
5.372305,-74.705143
5.372311,-74.705181
5.371510,-74.706758
5.371248,-74.707262
5.369875,-74.707750
5.368428,-74.707621
5.368385,-74.707621
5.367835,-74.707423
5.366874,-74.707042
5.366179,-74.706731
5.366057,-74.706688
5.364785,-74.705744
5.363562,-74.704767
5.363012,-74.704333
5.361805,-74.703276
5.360235,-74.701892
5.359733,-74.701436
5.359450,-74.701200
5.358232,-74.700417
5.357570,-74.699988
5.356384,-74.699451
5.356320,-74.699430
5.354584,-74.699371
5.354525,-74.699365
5.353153,-74.699746
5.351839,-74.700583
5.351796,-74.700599
5.351668,-74.700728
5.349719,-74.702665
5.347935,-74.704574
5.346621,-74.705797
5.344912,-74.707085
5.343032,-74.708158
5.342519,-74.708437
5.340959,-74.709027
5.339538,-74.709456
5.336857,-74.709853
5.334646,-74.710132
5.332627,-74.710304
5.330202,-74.710690
5.329732,-74.710776
5.326997,-74.711591
5.324540,-74.712428
5.324017,-74.712600
5.321880,-74.712921
5.320267,-74.713157
5.319594,-74.713275
5.317265,-74.713866
5.315834,-74.714284
5.315086,-74.714584
5.315022,-74.714606
5.314995,-74.714622
5.314210,-74.715067
5.314013,-74.715180
5.313158,-74.716237
5.312923,-74.716521
5.312853,-74.716623
5.312068,-74.717932
5.311438,-74.718994
5.310610,-74.720335
5.309857,-74.721531
5.308821,-74.722867
5.308393,-74.723398
5.307512,-74.724659
5.307021,-74.725356
5.306679,-74.725860
5.306422,-74.726139
5.305568,-74.727078
5.305386,-74.727277
5.304644,-74.727942
5.303971,-74.728548
5.303522,-74.728886
5.302854,-74.729363
5.302219,-74.729835
5.301978,-74.730012
5.300947,-74.730479
5.299895,-74.730962
5.298603,-74.731557
5.297037,-74.732276
5.296087,-74.732705
5.295029,-74.733054
5.294500,-74.733226
5.294383,-74.733263
5.293074,-74.733387
5.290879,-74.733472
5.290318,-74.733499
5.289709,-74.733553
5.288934,-74.733623
5.288528,-74.733666
5.287524,-74.733805
5.287343,-74.733832
5.286483,-74.733859
5.286301,-74.733853
5.286312,-74.734449
5.286483,-74.735071
5.286878,-74.735699
5.287022,-74.735919
5.287070,-74.735978
5.287391,-74.736573
5.287417,-74.736611
5.287359,-74.736975
5.287364,-74.737008
5.287348,-74.737018
5.287332,-74.737040
5.287065,-74.737308
5.286990,-74.737383
5.286910,-74.737458
5.286873,-74.737480
5.286579,-74.737651
5.286274,-74.737984
5.286248,-74.738016
5.286194,-74.738461
5.286077,-74.739009
5.286077,-74.739051
5.285761,-74.739642
5.285366,-74.740087
5.285227,-74.740312
5.285067,-74.740661
5.285046,-74.740688
5.285030,-74.740720
5.284998,-74.741203
5.285030,-74.741616
5.285056,-74.741879
5.285062,-74.741959
5.285217,-74.742383
5.285254,-74.742495
5.285671,-74.742930
5.285719,-74.742957
5.286130,-74.742994
5.286173,-74.743005
5.286905,-74.742833
5.287711,-74.742436
5.288518,-74.741895
5.288576,-74.741862
5.289314,-74.741696
5.289383,-74.741685
5.290013,-74.741755
5.290419,-74.742088
5.290462,-74.742109
5.290628,-74.742528
5.290542,-74.743123
5.290259,-74.743804
5.290232,-74.743869
5.289266,-74.745017
5.288512,-74.745746
5.288448,-74.745800
5.288133,-74.746218
5.288106,-74.746245
5.287989,-74.746567
5.287733,-74.747103
5.287679,-74.747211
5.287369,-74.747468
5.286985,-74.747618
5.286199,-74.747613
5.286162,-74.747613
5.285804,-74.747812
5.285772,-74.747833
5.285575,-74.748150
5.285564,-74.748192
5.285542,-74.748831
5.285542,-74.748868
5.285372,-74.749432
5.285350,-74.749464
5.285094,-74.750016
5.284763,-74.750499
5.284351,-74.751003
5.283881,-74.751363
5.283470,-74.751561
5.283224,-74.751706
5.282861,-74.751969
5.282540,-74.752344
5.282444,-74.752452
5.282418,-74.752484
5.282092,-74.753122
5.282113,-74.753155
5.283155,-74.753739
5.283187,-74.753761
5.283577,-74.754689
5.284202,-74.754812
5.284795,-74.755113
5.285404,-74.755611
5.285633,-74.756164
5.285655,-74.756202
5.285639,-74.756792
5.285617,-74.756835
5.285275,-74.757934
5.285270,-74.757988
5.285494,-74.759082
5.285980,-74.759753
5.286808,-74.760504
5.287962,-74.761437
5.288774,-74.762167
5.289079,-74.763165
5.288940,-74.763980
5.288336,-74.764650
5.287850,-74.765133
5.287519,-74.765659
5.287722,-74.766190
5.288721,-74.766802
5.290510,-74.767966
5.290670,-74.768073
5.291947,-74.769108
5.292476,-74.769736
5.293058,-74.770219
5.293833,-74.770578
5.293998,-74.770637
5.294698,-74.770868
5.295195,-74.771082
5.295237,-74.771093
5.296167,-74.771968
5.296765,-74.772289
5.297481,-74.772761
5.297524,-74.772794
5.298058,-74.773448
5.298752,-74.774382
5.299046,-74.774950
5.299062,-74.774988
5.298971,-74.775540
5.298661,-74.776313
5.298640,-74.776350
5.298170,-74.776967
5.297897,-74.777337
5.297454,-74.777970
5.297363,-74.778104
5.297043,-74.778829
5.296979,-74.779311
5.297118,-74.779655
5.297139,-74.779687
5.297449,-74.779950
5.298090,-74.780411
5.298122,-74.780438
5.298677,-74.780990
5.298768,-74.781098
5.298800,-74.781135
5.299217,-74.781666
5.299238,-74.781688
5.299142,-74.782337
5.298683,-74.782814
5.298570,-74.782927
5.297134,-74.784129
5.297080,-74.784182
5.297048,-74.784198
5.296867,-74.784697
5.296867,-74.784729
5.297294,-74.785432
5.297545,-74.785706
5.297951,-74.786162
5.298448,-74.786865
5.298474,-74.786891
5.298565,-74.787712
5.298384,-74.788436
5.298026,-74.789568
5.303100,-74.790974
5.305664,-74.790802
5.308741,-74.791832
5.310792,-74.793205
5.312501,-74.794922
5.311817,-74.799557
5.311475,-74.801960
5.310792,-74.804363
5.310621,-74.806938
5.310963,-74.809170
5.312672,-74.810886
5.314894,-74.811230
5.317116,-74.810543
5.319338,-74.806423
5.322927,-74.799900
5.324295,-74.798012
5.331302,-74.791489
5.334721,-74.788227
5.339335,-74.782562
5.341216,-74.780846
5.349249,-74.776039
5.353521,-74.773636
5.355230,-74.771919
5.356940,-74.770374
5.358307,-74.768143
5.358991,-74.766083
5.359845,-74.764881
5.360187,-74.765739
5.360700,-74.768143
5.361383,-74.769173
5.362409,-74.769173
5.363605,-74.770031
5.364801,-74.769688
5.365314,-74.768486
5.366340,-74.768143
5.367878,-74.768314
5.368391,-74.768829
5.368732,-74.770203
5.368561,-74.771233
5.367878,-74.772778
5.367707,-74.773464
5.367365,-74.774837
5.367023,-74.775867
5.366340,-74.777069
5.365827,-74.777756
5.364801,-74.778614
5.365314,-74.779816
5.365485,-74.782219
5.367194,-74.783764
5.368561,-74.785652
5.368561,-74.786425
5.368732,-74.787626
5.368903,-74.788399
5.368476,-74.789944
5.368305,-74.791145
5.367963,-74.796553
5.368732,-74.796038
5.369843,-74.795780
5.370869,-74.796038
5.371638,-74.795866
5.371638,-74.795437
5.371552,-74.794664
5.371638,-74.794235
5.371211,-74.792089
5.371552,-74.791403
5.371980,-74.791231
5.373005,-74.791660
5.373347,-74.794064
5.373945,-74.794235
5.374372,-74.793806
5.375056,-74.794836
5.375569,-74.794321
5.375654,-74.793892
5.375740,-74.793034
5.375227,-74.790802
5.375910,-74.789257
5.375996,-74.788141
5.376423,-74.787970
5.376936,-74.788656
5.379329,-74.788656
5.380269,-74.788141
5.380525,-74.787455
5.380269,-74.787025
5.375996,-74.784536
5.375740,-74.784021
5.375825,-74.783506
5.376936,-74.782906
5.378132,-74.782648
5.379243,-74.782305
5.379841,-74.781275
5.380354,-74.780159
5.381209,-74.779816
5.382063,-74.780931
5.382832,-74.781618
5.384883,-74.781275
5.384968,-74.780846
5.385139,-74.778957
5.385225,-74.778442
5.384968,-74.777327
5.385738,-74.776382
5.387617,-74.775009
5.388472,-74.773207
5.390779,-74.771490
5.393001,-74.771748
5.394368,-74.771404
5.394283,-74.770288
5.393172,-74.769087
5.393257,-74.768400
5.392915,-74.763594
5.393770,-74.761276
5.394026,-74.760246
5.393855,-74.759474
5.390950,-74.759731
5.390181,-74.759731
5.387874,-74.757156
5.387703,-74.756641
5.388387,-74.755697
5.388557,-74.754496
5.388130,-74.754152
5.385524,-74.753895
5.384968,-74.753637
5.384456,-74.752564
5.384669,-74.752049
5.384840,-74.751449
5.385054,-74.750934
5.385609,-74.750633
5.386122,-74.750590
5.386763,-74.750762
5.387233,-74.751019
5.387532,-74.751534
5.387746,-74.752092
5.387831,-74.752693
5.387831,-74.753337
5.388387,-74.753594
5.388686,-74.753466
5.389070,-74.753423
5.389497,-74.753122
5.390053,-74.753036
5.390736,-74.753036
5.391249,-74.752951
5.391847,-74.752650
5.392275,-74.752264
5.392702,-74.751835
5.393001,-74.751320
5.393343,-74.750848
5.393727,-74.750376
5.394112,-74.749904
5.394368,-74.749732
5.394624,-74.749818
5.395180,-74.750032
5.395693,-74.750247
5.396120,-74.750247
5.396248,-74.750118
5.396248,-74.749475
5.396376,-74.748874
5.396803,-74.748445
5.397359,-74.748359
5.397914,-74.748316
5.398512,-74.748316
5.399196,-74.748187
5.399623,-74.747758
5.399922,-74.747329
5.400307,-74.746857
5.400563,-74.746342
5.400862,-74.745913
5.401204,-74.745355
5.401460,-74.744883
5.401674,-74.744282
5.402059,-74.743724
5.402614,-74.743638
5.403255,-74.743724
5.403597,-74.743767
5.404067,-74.744110
5.404665,-74.744411
5.405263,-74.744840
5.405818,-74.745140
5.406417,-74.744968
5.406886,-74.744925
5.407570,-74.744968
5.408125,-74.745011
5.408724,-74.744968
5.409279,-74.744925
5.410048,-74.744840
5.410561,-74.744883
5.411031,-74.744453
5.411159,-74.743938
5.411073,-74.743209
5.411073,-74.742651
5.411073,-74.742050
5.411287,-74.741492
5.411586,-74.741020
5.412056,-74.740720
5.412740,-74.740548
5.413210,-74.740548
5.413808,-74.740462
5.414320,-74.740162
5.414406,-74.739561
5.414363,-74.739003
5.414491,-74.738359
5.414449,-74.737759
5.414406,-74.737244
5.414278,-74.736943
5.414150,-74.736643
5.413594,-74.736514
5.413295,-74.736514
5.413167,-74.736557
5.412996,-74.736600
5.412740,-74.736729
5.412697,-74.736814
5.412569,-74.736986
5.412526,-74.737244
5.412483,-74.737372
5.412398,-74.737544
5.412312,-74.737802
5.412184,-74.737973
5.412056,-74.738102
5.411842,-74.738145
5.411714,-74.737802
5.411586,-74.737158
5.411586,-74.736729
5.411629,-74.736342
5.411586,-74.736085
5.411543,-74.735441
5.411629,-74.734883
5.411586,-74.734540
5.411757,-74.734025
5.412184,-74.733167
5.412569,-74.732738
5.412868,-74.732223
5.413381,-74.731793
5.413808,-74.731493
5.414449,-74.731278
5.415004,-74.731236
5.415602,-74.731450
5.415859,-74.731536
5.415944,-74.731793
5.416158,-74.732094
5.416286,-74.732394
5.416328,-74.732780
5.416542,-74.733338
5.416713,-74.733853
5.416841,-74.734154
5.416798,-74.734540
5.416756,-74.735055
5.416756,-74.735699
5.416670,-74.736257
5.416628,-74.736857
5.416628,-74.737415
5.416670,-74.737930
5.416756,-74.738016
5.416969,-74.738617
5.417268,-74.739132
5.417653,-74.739690
5.417909,-74.740033
5.418166,-74.740205
5.418721,-74.740591
5.418892,-74.740720
5.419106,-74.740849
5.419575,-74.740849
5.423207,-74.740891
5.423805,-74.740977
5.424275,-74.741278
5.424660,-74.741492
5.425087,-74.742608
5.425172,-74.742780
5.425130,-74.743853
5.425172,-74.744625
5.425172,-74.745183
5.425130,-74.745741
5.425386,-74.746299
5.425599,-74.746943
5.425813,-74.747415
5.425899,-74.747758
5.426838,-74.748101
5.427137,-74.748230
5.427565,-74.748144
5.427907,-74.748144
5.428120,-74.747972
5.428462,-74.747801
5.428761,-74.747715
5.429060,-74.747200
5.429231,-74.746857
5.429445,-74.746642
5.429615,-74.746728
5.429872,-74.746857
5.430043,-74.746857
5.430256,-74.746857
5.430470,-74.746814
5.430726,-74.746814
5.430940,-74.746900
5.431453,-74.746900
5.431623,-74.746943
5.432222,-74.746943
5.432392,-74.746900
5.432606,-74.746985
5.432862,-74.747028
5.432991,-74.747028
5.433161,-74.746985
5.433332,-74.746985
5.433460,-74.746943
5.433760,-74.746985
5.434016,-74.746985
5.434272,-74.746985
5.434379,-74.746996
5.434454,-74.746943
5.434529,-74.746889
5.434635,-74.746835
5.434731,-74.746825
5.434806,-74.746814
5.434934,-74.746878
5.434892,-74.746771
5.434998,-74.746664
5.435127,-74.746599
5.435180,-74.746535
5.435191,-74.746470
5.435233,-74.746395
5.435319,-74.746363
5.435426,-74.746342
5.435938,-74.746470
5.436707,-74.746814
5.437818,-74.746857
5.438502,-74.746771
5.439014,-74.746599
5.439655,-74.746642
5.440253,-74.746428
5.440766,-74.746428
5.440937,-74.746556
5.441450,-74.746857
5.441919,-74.747286
5.442389,-74.747586
5.442688,-74.747672
5.443073,-74.747114
5.443201,-74.746556
5.443201,-74.746256
5.443244,-74.745955
5.443287,-74.745483
5.443457,-74.745226
5.443842,-74.745183
5.444098,-74.745097
5.444355,-74.745140
5.444483,-74.745183
5.444825,-74.745269
5.445038,-74.745269
5.445337,-74.745526
5.445594,-74.745698
5.445679,-74.745741
5.445893,-74.745784
5.446063,-74.745784
5.446234,-74.745784
5.446448,-74.745784
5.446704,-74.745784
5.446832,-74.745698
5.447217,-74.745655
5.447388,-74.745655
5.447687,-74.745612
5.447901,-74.745483
5.448114,-74.745398
5.448242,-74.745097
5.448285,-74.744797
5.448499,-74.744582
5.448627,-74.744411
5.448755,-74.744153
5.448669,-74.743896
5.448584,-74.743724
5.448627,-74.743552
5.448755,-74.743252
5.449310,-74.743252
5.449951,-74.743252
5.450421,-74.743423
5.450720,-74.743638
5.450934,-74.744110
5.451147,-74.744325
5.451404,-74.744582
5.451660,-74.744754
5.451916,-74.744797
5.452173,-74.744582
5.452344,-74.744196
5.452557,-74.743810
5.452643,-74.743423
5.452643,-74.742823
5.452643,-74.742393
5.452557,-74.741964
5.452557,-74.741364
5.452771,-74.740977
5.453198,-74.740849
5.453540,-74.740849
5.453796,-74.740934
5.453924,-74.741149
5.454181,-74.741449
5.454565,-74.741621
5.454693,-74.741621
5.454864,-74.741449
5.455163,-74.741449
5.455590,-74.741621
5.455932,-74.741750
5.456317,-74.741836
5.456573,-74.741879
5.456872,-74.741664
5.457086,-74.741321
5.457726,-74.741364
5.458196,-74.741406
5.458666,-74.741449
5.459051,-74.741364
5.459692,-74.741321
5.460247,-74.741235
5.460631,-74.741192
5.460119,-74.741578
5.459862,-74.741750
5.459734,-74.742179
5.459435,-74.742780
5.459435,-74.742866
5.459435,-74.743724
5.459777,-74.744196
5.460204,-74.744496
5.460375,-74.744668
5.460546,-74.744840
5.460717,-74.745054
5.460888,-74.745355
5.460930,-74.745655
5.461486,-74.745955
5.461956,-74.746385
5.462169,-74.746556
5.462511,-74.746900
5.462938,-74.747286
5.463323,-74.747543
5.463494,-74.747801
5.463622,-74.747930
5.463707,-74.748058
5.463921,-74.748058
5.464134,-74.748187
5.464391,-74.748316
5.464733,-74.748530
5.465117,-74.748831
5.465459,-74.749131
5.465801,-74.749389
5.466057,-74.749732
5.466313,-74.750161
5.466740,-74.750676
5.466869,-74.750891
5.466997,-74.751234
5.466997,-74.751706
5.467210,-74.751921
5.467381,-74.752350
5.467638,-74.752779
5.467937,-74.753165
5.468236,-74.753466
5.468577,-74.753723
5.468919,-74.753981
5.469261,-74.754281
5.469560,-74.754496
5.469859,-74.754753
5.470073,-74.755011
5.470243,-74.755354
5.470286,-74.755611
5.470286,-74.755869
5.470286,-74.756083
5.470286,-74.756470
5.470030,-74.757071
5.470201,-74.758315
5.470970,-74.759130
5.471824,-74.759345
5.472550,-74.759216
5.473106,-74.758959
5.473362,-74.758573
5.473960,-74.757457
5.474302,-74.756899
5.474601,-74.756427
5.475071,-74.756083
5.475498,-74.755611
5.476096,-74.754539
5.476737,-74.753594
5.476950,-74.753079
5.477805,-74.752264
5.478147,-74.751749
5.478488,-74.751277
5.478830,-74.750762
5.479129,-74.750247
5.479514,-74.749947
5.479727,-74.749775
5.480069,-74.749689
5.480411,-74.749689
5.480710,-74.749689
5.480966,-74.749517
5.481222,-74.749389
5.481350,-74.749217
5.481265,-74.748960
5.481051,-74.748616
5.481137,-74.748359
5.481137,-74.747972
5.481308,-74.747586
5.481778,-74.746943
5.482205,-74.746213
5.482461,-74.745870
5.482718,-74.745312
5.482760,-74.745011
5.483059,-74.744797
5.483316,-74.744625
5.483572,-74.744496
5.483615,-74.744196
5.483657,-74.744024
5.483444,-74.743681
5.483230,-74.743552
5.483230,-74.743381
5.483316,-74.743252
5.483700,-74.743166
5.483999,-74.743080
5.484213,-74.742866
5.484384,-74.742565
5.484426,-74.742351
5.484554,-74.742007
5.484554,-74.741836
5.484768,-74.741750
5.484939,-74.741621
5.485152,-74.741535
5.485409,-74.741578
5.485494,-74.741664
5.485793,-74.741707
5.485964,-74.741578
5.486135,-74.741406
5.486263,-74.741063
5.486306,-74.740849
5.486220,-74.740591
5.486648,-74.740376
5.486989,-74.740248
5.487417,-74.740076
5.487459,-74.739604
5.487502,-74.739475
5.487844,-74.739089
5.487929,-74.738960
5.487844,-74.738746
5.487801,-74.738617
5.487673,-74.738445
5.487459,-74.738359
5.487374,-74.738317
5.487331,-74.738145
5.487459,-74.737930
5.487545,-74.737844
5.487545,-74.737630
5.487545,-74.737415
5.487545,-74.737329
5.487801,-74.737201
5.487972,-74.737072
5.488143,-74.736900
5.488356,-74.736900
5.488570,-74.736943
5.488741,-74.737029
5.488912,-74.737115
5.489040,-74.737115
5.489339,-74.737029
5.489510,-74.737115
5.489681,-74.737201
5.489937,-74.737115
5.490193,-74.737072
5.490535,-74.737158
5.490791,-74.737115
5.491048,-74.737029
5.491219,-74.736814
5.491347,-74.736686
5.491646,-74.736471
5.491731,-74.736257
5.491817,-74.735956
5.491817,-74.735827
5.491646,-74.735656
5.491518,-74.735441
5.491475,-74.735355
5.491261,-74.735227
5.491133,-74.735098
5.490877,-74.735098
5.490749,-74.734926
5.490791,-74.734712
5.490663,-74.734497
5.490620,-74.734240
5.490749,-74.734025
5.490877,-74.733810
5.491688,-74.733295
5.491603,-74.732695
5.491688,-74.732265
5.491774,-74.732094
5.492158,-74.731793
5.492244,-74.731579
5.492286,-74.731064
5.492457,-74.730721
5.492756,-74.730549
5.493013,-74.730248
5.493141,-74.730163
5.493312,-74.729948
5.493397,-74.729819
5.493910,-74.729605
5.494337,-74.729605
5.494422,-74.729176
5.494508,-74.728746
5.494679,-74.728231
5.494935,-74.728060
5.495020,-74.727716
5.494679,-74.727459
5.494764,-74.727030
5.494850,-74.726686
5.495191,-74.726257
5.495789,-74.726086
5.496131,-74.726515
5.496644,-74.726858
5.497071,-74.726858
5.497156,-74.726601
5.497156,-74.726515
5.496985,-74.726343
5.496900,-74.725914
5.497156,-74.725657
5.497413,-74.725485
5.497840,-74.725485
5.498182,-74.725657
5.498438,-74.725914
5.498951,-74.726257
5.499292,-74.726429
5.499549,-74.726601
5.499805,-74.726429
5.499805,-74.726086
5.499976,-74.725742
5.500317,-74.725571
5.500659,-74.726000
5.500916,-74.725742
5.501172,-74.725571
5.501514,-74.725399
5.501599,-74.725056
5.502112,-74.725056
5.502795,-74.724541
5.503051,-74.724369
5.503393,-74.724541
5.503735,-74.724541
5.503906,-74.724455
5.504418,-74.724369
5.504504,-74.724369
5.504675,-74.724798
5.504760,-74.724970
5.504931,-74.725227
5.505016,-74.725399
5.505187,-74.725657
5.505358,-74.725828
5.505700,-74.725828
5.506042,-74.725828
5.506213,-74.725742
5.506469,-74.725657
5.506725,-74.725571
5.507152,-74.725742
5.507238,-74.725914
5.507750,-74.725742
5.508263,-74.725485
5.508861,-74.725227
5.509117,-74.724712
5.509288,-74.724283
5.509374,-74.723511
5.509544,-74.723253
5.509630,-74.722996
5.509801,-74.722996
5.509886,-74.723511
5.510057,-74.723682
5.510313,-74.723682
5.510741,-74.723682
5.510911,-74.723425
5.511168,-74.723082
5.511509,-74.722824
5.510997,-74.721966
5.510911,-74.721537
5.510399,-74.721022
5.509544,-74.720249
5.506469,-74.717503
5.506811,-74.717159
5.507323,-74.717073
5.507409,-74.716816
5.507409,-74.716215
5.507409,-74.715786
5.507750,-74.715700
5.508092,-74.716129
5.508348,-74.716473
5.508605,-74.716644
5.508946,-74.716644
5.509288,-74.716301
5.509544,-74.716043
5.509886,-74.716043
5.510057,-74.716473
5.510142,-74.716644
5.510484,-74.716387
5.510655,-74.715958
5.510741,-74.715700
5.510826,-74.715185
5.511339,-74.715099
5.511595,-74.715099
5.511937,-74.715185
5.512278,-74.714756
5.512620,-74.714670
5.512876,-74.714499
5.513645,-74.714327
5.514243,-74.714413
5.513987,-74.713898
5.513902,-74.713469
5.513902,-74.713211
5.513816,-74.712782
5.514158,-74.712524
5.514500,-74.712353
5.514841,-74.712009
5.514841,-74.711838
5.514841,-74.711494
5.515012,-74.711580
5.515183,-74.711237
5.515354,-74.710808
5.515183,-74.710636
5.515610,-74.710636
5.516123,-74.710636
5.516550,-74.710379
5.516977,-74.710035
5.517233,-74.709949
5.517575,-74.709435
5.517831,-74.708834
5.518344,-74.708662
5.520993,-74.708061
5.522018,-74.711151
5.522359,-74.712181
5.524068,-74.712524
5.526118,-74.712524
5.527827,-74.712524
5.529877,-74.712181
5.529877,-74.711838
5.532269,-74.711838
5.535003,-74.711838
5.536370,-74.712524
5.538420,-74.714584
5.539446,-74.715958
5.541154,-74.718018
5.541838,-74.718018
5.543205,-74.717331
5.544913,-74.716644
5.546963,-74.716644
5.547647,-74.715271
5.549014,-74.713898
5.550381,-74.715614
5.552773,-74.714928
5.554823,-74.714241
5.557557,-74.714241
5.559948,-74.714584
5.562682,-74.714584
5.564732,-74.714584
5.566441,-74.713898
5.566099,-74.712524
5.566099,-74.710121
5.565757,-74.707718
5.565757,-74.706345
5.564391,-74.704628
5.563707,-74.702911
5.563024,-74.702568
5.564732,-74.701195
5.564732,-74.699478
5.565074,-74.699135
5.566783,-74.700508
5.572250,-74.706001
5.578742,-74.712868
5.581134,-74.718018
5.581134,-74.722481
5.578400,-74.731407
5.576692,-74.741020
5.575667,-74.745483
5.576350,-74.750633
5.577717,-74.755096
5.577034,-74.759903
5.575667,-74.764023
5.573958,-74.768486
5.572933,-74.773979
5.573958,-74.778099
5.576008,-74.782219
5.579425,-74.785995
5.582159,-74.789772
5.583184,-74.794235
5.582842,-74.799385
5.583526,-74.804192
5.585234,-74.808655
5.586943,-74.813461
5.589335,-74.814835
5.590701,-74.814148
5.592410,-74.814835
5.595827,-74.814491
5.597535,-74.814148
5.602319,-74.813118
5.604369,-74.813461
5.605394,-74.811058
5.605394,-74.809685
5.608469,-74.807281
5.608469,-74.806252
5.608469,-74.803848
5.609836,-74.801788
5.610861,-74.799385
5.611886,-74.797668
5.611886,-74.796295
5.613252,-74.794579
5.613936,-74.793205
5.616327,-74.791145
5.618378,-74.790459
5.619061,-74.789429
5.620769,-74.788055
5.621794,-74.787369
5.623503,-74.787025
5.624528,-74.785995
5.627261,-74.785309
5.628628,-74.785309
5.630336,-74.785309
5.632728,-74.784279
5.635119,-74.785652
5.637169,-74.787025
5.638023,-74.787197
5.638365,-74.786682
5.638536,-74.785824
5.638878,-74.784966
5.639390,-74.784279
5.639903,-74.784107
5.640586,-74.784279
5.641782,-74.784794
5.642807,-74.784794
5.642978,-74.784966
5.643832,-74.784966
5.644515,-74.784622
5.645198,-74.784279
5.645711,-74.783249
5.646052,-74.782734
5.646565,-74.782219
5.647419,-74.781017
5.648273,-74.780502
5.649298,-74.780502
5.649640,-74.780331
5.650836,-74.780159
5.651348,-74.778786
5.651348,-74.777927
5.650836,-74.777412
5.650494,-74.776726
5.649981,-74.775867
5.650494,-74.773464
5.651177,-74.772778
5.652373,-74.771748
5.653056,-74.770889
5.654081,-74.770374
5.654594,-74.770031
5.655960,-74.769688
5.656131,-74.769173
5.656985,-74.769001
5.657839,-74.768486
5.658523,-74.768314
5.659206,-74.768314
5.660744,-74.768143
5.661598,-74.767971
5.662452,-74.767113
5.662793,-74.766941
5.662623,-74.765911
5.662110,-74.764881
5.661768,-74.763680
5.662281,-74.762650
5.662793,-74.760761
5.665868,-74.754066
5.665868,-74.752865
5.666551,-74.751663
5.666551,-74.751148
5.668431,-74.749260
5.669455,-74.748230
5.670480,-74.748058
5.671335,-74.747887
5.672530,-74.747887
5.673384,-74.748058
5.674409,-74.748745
5.676117,-74.749432
5.676972,-74.749775
5.677826,-74.749775
5.679021,-74.749603
5.679705,-74.749088
5.680046,-74.747887
5.679876,-74.746857
5.680217,-74.745998
5.680559,-74.744797
5.680559,-74.743938
5.680730,-74.742565
5.680217,-74.741192
5.679876,-74.740505
5.679534,-74.739819
5.679363,-74.739132
5.679363,-74.738789
5.681071,-74.738617
5.682779,-74.738960
5.683633,-74.738960
5.684658,-74.739990
5.685512,-74.742222
5.686367,-74.744453
5.686367,-74.746685
5.686879,-74.749260
5.686708,-74.750977
5.687050,-74.751663
5.688246,-74.751663
5.689612,-74.751663
5.690808,-74.751835
5.691833,-74.751663
5.692003,-74.751320
5.692687,-74.751148
5.693199,-74.750462
5.693541,-74.749947
5.693541,-74.747200
5.693541,-74.744797
5.693712,-74.742565
5.693712,-74.741707
5.694224,-74.740334
5.694566,-74.739647
5.696103,-74.739304
5.697470,-74.739304
5.698324,-74.738789
5.700032,-74.738789
5.702252,-74.738274
5.703277,-74.738445
5.704302,-74.738102
5.705669,-74.737587
5.706693,-74.737244
5.707547,-74.736214
5.707889,-74.735699
5.708231,-74.734497
5.708743,-74.733982
5.710280,-74.733124
5.710793,-74.732437
5.711818,-74.731064
5.713184,-74.730549
5.713697,-74.730892
5.715063,-74.731407
5.715746,-74.731922
5.716600,-74.731750
5.721383,-74.727287
5.722237,-74.726257
5.723945,-74.725571
5.724287,-74.725056
5.726507,-74.724712
5.727361,-74.724884
5.729411,-74.724884
5.730948,-74.725056
5.732998,-74.725742
5.735389,-74.726086
5.736755,-74.726772
5.737951,-74.727116
5.738463,-74.727631
5.740513,-74.728146
5.741879,-74.728317
5.743246,-74.728661
5.744783,-74.728832
5.747003,-74.727631
5.747686,-74.726429
5.748540,-74.725914
5.749224,-74.724541
5.750078,-74.722652
5.750248,-74.721107
5.750248,-74.719048
5.750419,-74.717674
5.750932,-74.716644
5.753664,-74.715786
5.755202,-74.714756
5.756397,-74.713726
5.757934,-74.712353
5.759130,-74.711838
5.760325,-74.712181
5.761692,-74.712181
5.763058,-74.712353
5.763912,-74.712868
5.764766,-74.713898
5.766474,-74.714584
5.767499,-74.714928
5.768694,-74.715099
5.772964,-74.713554
5.774160,-74.712868
5.775526,-74.710808
5.775868,-74.708920
5.775868,-74.707890
5.775569,-74.707718
5.774843,-74.707203
5.771897,-74.706903
5.770658,-74.706173
5.770018,-74.705186
5.769676,-74.702654
5.769719,-74.700937
5.770061,-74.700165
5.770488,-74.698620
5.770786,-74.697676
5.770957,-74.696903
5.771085,-74.696388
5.771427,-74.695573
5.771769,-74.694757
5.772153,-74.694114
5.772494,-74.693513
5.772879,-74.692869
5.773306,-74.692225
5.773775,-74.691625
5.774416,-74.690638
5.774715,-74.690208
5.775056,-74.689736
5.775782,-74.688792
5.776593,-74.687805
5.777234,-74.686861
5.778173,-74.685616
5.778728,-74.684758
5.779070,-74.683900
5.779198,-74.683084
5.779113,-74.682484
5.779070,-74.681582
5.778814,-74.680510
5.778643,-74.679952
5.778515,-74.679523
5.778259,-74.679222
5.777832,-74.678707
5.777575,-74.678278
5.777106,-74.677849
5.776636,-74.677291
5.775964,-74.676717
5.774661,-74.675537
5.773946,-74.674898
5.773914,-74.674872)